ALDER,A
CEDAR,A
CHINQ,A
HEMLOCK,A
MADRN,A
MAPLE,A
PEPR,A
TANOK,A
CREEK,B
FERN,B
LAUREL,B
JUNIP,B
WILLOW,B
JGC,C
REDWO,D
SUNST,D
CYPRS,E
FWH,F
NHE,G
NHW,G
FH,H
BRH,I
HAH,I
LAPT,I
BOOK,J
UC,J
HC,K
LIB,L
VMH,M
SH,N
RB,O
MUSA,P
UPF,Q
ARTB,R
MUSB,R
BALH,S
HH,S
RWC,T
TH,U
ARTA,V
BHH,W
WH,W
CERAM,X
SCLPT,X
GH,Y
SCIA,Z
SRC,A2
KA,B2
FGYM,C2
SCIB,D2
SCIC,D2
SCID,D2
SCIE,D2
SBS,E2
DELNO,F2
SHAST,E2
CDL,G2
HGH,G2
MENDO,H2
TRIN,H2
CEF,I2
WDFS,J2
WGP,K2
MWCC,L2
NR,M2
FM,N2
SR,N2
BOAT,O2
BSS,P2
NAF,P2
BH,Q2
MCOM,Q2
MWH,Q2
TOD,Q2
WWH,Q2
FR,R2
ANEX,S2
SERC,T2
